name,street,street2,zip,country,city,phone,email
"089 Paletten - Paletten & Gitterboxen Handel","Hochmutting 1","","85764","DE","Oberschleißheim","","089palettenpaletteng@example.com"
"270 Vision Ltd","Caxton Close, Unit 34 Basepoint Business Centre","","SP10 3FG","UK","Andover","","270visionltd@example.com"
"3ks profile gmbh","Asangstrasße 16","","94436","DE","Simbach","","3ksprofilegmbh@example.com"
"ACTIV-IMMOBILIEN GmbH & Co. KG","Ferdinand-Dünkel-Straße 5","","88433","DE","Schemmerhofen","","activimmobiliengmbhc@example.com"
"ACUA Ocean Limited","86-90 Paul Street, 3rd Floor","","EC2A 4NE","UK","London","","acuaoceanlimited@example.com"
"ADRA Trans Adrian Swierczynski","Szpegawa Bukowa 17","","83-112","PL","Lubiszewo","","adratransadrianswier@example.com"
"AERIUS Marine GmbH","Lübecker Straße 128","","22087","DE","Hamburg","","aeriusmarinegmbh@example.com"
"AERVIDEO GmbH","Wolframstraße 24","","70191","DE","Stuttgart","","aervideogmbh@example.com"
"AGMG MUNICH GmbH","Hauptstraße 39","","85579","DE","Neubiberg","","info@agmgmunich.com"
"AGS Engineering Metalltechnik GmbH","Ernst-Wiss-Straße 18","","65933","DE","Frankfurt am Main","","agsengineeringmetall@example.com"
"AKDB","Hansastraße 12-16","","80686","DE","München","","akdb@example.com"
"AMBERGREEN FACILITIES SL","PLANTA 12-MOD.B, PASEO CASTELLANA 95 - EDIF.TORRE EUROPA","","28046","ES","Madrid","","ambergreenfacilities@example.com"
"AMBERGREEN SOLUTIONS SL.","C/ DELS FOGAINERS, 84","","46190","ES","Ribarroja del Turia, Valencia","","ambergreensolutionss@example.com"
"AMHAIMAR IT","Schäftlarnstr. 10 (Altes Kontorhaus)","","81371","DE","München","","amhaimarit@example.com"
"ANTS Logistic GmbH","Karl-Schmid-Ring 9","","07743","DE","Jena","+49 3641 3279270","info@ants-log.de"
"ARGE VisionBox","Fürstenrieder Straße 5","","80687","DE","München","","argevisionbox@example.com"
"AS Grundbesitz & Beteiligungen GmbH","Am Heidenknock 10","","95326","DE","Kulmbach","","asgrundbesitzbeteili@example.com"
"AS Stahlpartner GmbH","Frankfurter Straße  49","","61239","DE","Ober-Mörlen","","asstahlpartnergmbh@example.com"
"ASTRAN CARGO SERVICES","519 New Hythe Lane. Larkfield","","ME20 6SB","UK","Maidstone, Kent","","astrancargoservices@example.com"
"ASW Maschinenbau","Hasenäcker 13","","88142","DE","Wasserburg (Bodensee)","","aswmaschinenbau@example.com"
"AUC - Akademie der Unfallchirurgie GmbH","Wilhelm-Hale-Straße 46 B","","80639","DE","München","","aucakademiederunfall@example.com"
"AVANTGARDE Gesellschaft für Kommunikation mbH","Atelierstraße 10","","81671","DE","Munich","","rechnungen.kom@avantgarde.de"
"AZ Armaturen GmbH","Waldstrasse 7","","78087","DE","Mönchweiler","","azarmaturengmbh@example.com"
"Abrechnung","Rütersbarg 52","","22529","DE","Hamburg","","abrechnung@example.com"
"Adinotec AG","Hohenzollernstrasse 89","","80796","DE","München","","adinotecag@example.com"
"Adinotech GmbH","Salztorgasse 5/5/17","","1010","AT","Wien","","adinotechgmbh@example.com"
"AdlerTech GbR","An der Waldburg 15","","01816","DE","Bad Gottleuba-Berggießhübel","","kontakt@adler-tech.de"
"Aero Ruzgar End. A.S.","Ege Serbest Bölgesi","Zafer Sb Mah.Yalçın Yolu Cad.No.13","35410","TR","Gaziemir","+90 232 251 93 71","aeroruzgarendas@example.com"
"Aktiv Assekuranz Makler GmbH","Hanauer Straße 67","","80993","DE","München","","aktivassekuranzmakle@example.com"
"Akudmedpharm GmbH","Kolpingstr. 9","","97332","DE","Volkach","","norbert.seis@gmx.net"
"Albert Kerbl GmbH","Felizenzell 9","","84428","DE","Buchbach","","albertkerblgmbh@example.com"
"Albert-Ludwigs-Universität Freiburg","Rempartstr. 15","","79085","DE","Freiburg im Breisgau","","albertludwigsunivers@example.com"
"Alfons Koester & Co. GmbH","Am Trippelsberg 43","","40589","DE","Düsseldorf","+49/211/879646 – 36","alfonskoestercogmbh@example.com"
"Ali Tuna","Hansestr. 63 A","","51149","DE","Köln","","alituna@example.com"
"Allgaier GmbH","Max-Eyth-Straße 20","","89231","DE","Neu-Ulm","+49 (0) 731 97 44 0 707","allgaiergmbh@example.com"
"Allsta Spedition GmbH","Industriestraße 37","","28199","DE","Bremen","","allstaspeditiongmbh@example.com"
"Alpha Industries GmbH & Co. KG, European Headquarters","Siemensstraße 11","","63263","DE","Neu-Isenburg","+4915222659661","accounting@alphaindustries.eu"
"Alphabet Fuhrparkmanagement GmbH","Lilienthalalle 26","","80786","DE","München","","alphabetfuhrparkmana@example.com"
"Alpinia Institute for Life Sciences AG","Bahnhofstrasse 34","","8880","CH","Walenstadt","","alpiniainstituteforl@example.com"
"Alpinia Laudanum GmbH","Wipplingerstraße 29/4","","1010","AT","Wien","","alpinialaudanumgmbh@example.com"
"Antiquariat Schneider-Henn","Mühlbachstr. 19","","82229","DE","Seefeld","","antiquariatschneider@example.com"
"Antiquitäten am Alten Hof","Sparkassenstraße 11","","80331","DE","München","","antiquittenamaltenho@example.com"
"ApfelKomm GmbH","Kaasgrabengasse 52/2/5","","1190","AT","Wien","","apfelkommgmbh@example.com"
"Aplus Steuerberater München Lyssoudis & Kugler PartGmbB","Im Regerhof, Welfenstr. 22","","81541","DE","München","","can@aplus-steuerberater.de"
"AquaSoli GmbH & CO. KG","Birkenleiten 41","","81543","DE","München","","aquasoligmbhcokg@example.com"
"Aritex Cading Deutschland GmbH","Edisonstrasse 23","","74076","DE","Heilbronn","","aritexcadingdeutschl@example.com"
"Arno Rosenlöcher GmbH & Co. KG","Dieselstraße 28","","85748","DE","Garching","","arnorosenlchergmbhco@example.com"
"AsstrA Forwarding AG","Staubstrasse 15","","8038","CH","Zürich","+41 44 211 72 60","office@asstra.com"
"Asstra UK LTD","13 The Causeway, Teddington","","TW11 0JR","UK","Teddington","+44-203-908-5667","office@asstra.co.uk"
"Atlant Transport","ulica Okólna 27","","66-400","PL","Gorzow Wielkopolski","","atlanttransport@example.com"
"Audio Reference GmbH","Alsterkrugchaussee 435","","22335","DE","Hamburg","","audioreferencegmbh@example.com"
"Auswärtiges Amt","Adenauerallee 99-103","","53113","DE","Bonn","","auswrtigesamt@example.com"
"Auto Magnus GmbH","Wasserbrugerlandstrasse 56","","81825","DE","München","","automagnusgmbh@example.com"
"Auvictum Erste Beteiligungs GmbH Seniorenresidenz Haus Seeufer","Bahnhofstraße 8-10","","59519","DE","Möhnesee","+49 (0) 5272/391-415","auvictumerstebeteili@example.com"
"Auvictum Zweite Beteiligungs GmbH","Kötztinger Straße 43","","94249","DE","Bodenmais","","auvictumzweitebeteil@example.com"
"B&E Internationale Logistik GmbH & Co. KG","Siemensstr. 4","","85716","DE","Unterschleißheim","","beinternationalelogi@example.com"
"B&L Property Management GmbH","Große Elbstraße 47","","22767","DE","Hamburg","","blpropertymanagement@example.com"
"BINDER GmbH & Co. KG","Eike-Kerstein-Straße 4","","31789","DE","Hameln","","Paul.Alles@binder24.com"
"BLG International Forwarding GmbH & Co. KG","Dieselstrasse 28","","85748","DE","Garching bei München","","blginternationalforw@example.com"
"BMW Group","Laaberstr. 7","","84130","DE","Dingolfing","+49 8731 76-23803","stefan.wuerfel@bmw.de"
"BOMAG GmbH","Hellerwald","","56154","DE","Boppard","","bomaggmbh@example.com"
"BOSPORUS Handelsgesellschaft mbH","Marktstr. 10 (AsmusHaus)","","50968","DE","Köln","","bosporushandelsgesel@example.com"
"BREB Schifffahrts GmbH & Co. KG MS Duhnen & c/o: Briese Schiffahrts Gmbh & Co. KG","Hafenstr. 12","","26789","DE","Leer","","brebschifffahrtsgmbh@example.com"
"BSH Hausgeräte GmbH","Carl-Wery-Straße 34","","81739","DE","Munich","","bshhausgertegmbh@example.com"
"BSP GmbH","Siebending 6","","9433","AT","Sankt Andrä","","bspgmbh@example.com"
"Barsan Global Logistik GmbH","Hertha-Sponer-Straße 1","","82216","DE","Maisach","","barsangloballogistik@example.com"
"Bartholet Maschinenbau AG","Lochriet","","8890","CH","Flums","","bartholetmaschinenba@example.com"
"BauKraftEvent","Bleichweg 5","","73485","DE","Unterschneidheim","","baukraftevent@example.com"
"Baumscheibenkontor","Agnes-Bernauer-Str. 1","","80687","DE","München","","baumscheibenkontor@example.com"
"Bavaria General Services GmbH","Bomhardstr. 7","","82031","DE","Grünwald","","bavariageneralservic@example.com"
"BayWa AG","Postfach 810106","","81901","DE","München","+49 89 9222-0","baywaag@example.com"
"Bayerische Landeszentrale für politische Bildungsarbeit","Englschalkinger Straße 12","","81925","DE","München","","bayerischelandeszent@example.com"
"Bayerisches Staatsministerium für Familie, Arbeit und Soziales","Winzererstr. 9","","80797","DE","München","","bayerischesstaatsmin@example.com"
"Bela Living GmbH","Wallstraße 9-13","","10179","DE","Berlin","+4915566636411","service@bela-living.de"
"Benediktuspark Am Stift GmbH","Stiftsplatz 2a","","37176","DE","Nörten-Hardenberg","+49 (0) 5503 8085-0","noerten@auvictum.de"
"Bertling Kazakh Logistics LLP","Building #9, Admiral Lev Vladimirsky street","","E02A4H5","KZ","Atyrau","+7 7122 763171/73/74/75","aigul.utepova@bertling.com"
"Berylls Strategy Advisors GmbH","Maximilianstraße 34","","80539","DE","München","","beryllsstrategyadvis@example.com"
"Big Potato Limited","1 Holywell Lane London","","EC2A 3ET","UK","London","","bigpotatolimited@example.com"
"Blanke Briefhüllen GmbH","Allee 40","","74072","DE","Heilbronn","07131 3899-500","info@brief-huellen.de"
"Bosse Gartenbaubedarf e.K.","Gartenstr. 28","","75446","DE","Wiernsheim","","bosse.mail@t-online.de"
"Broszeit GmbH","Am Föhrenried 7","","88255","DE","Baindt-Schachen","","broszeitgmbh@example.com"
"Buchele Raumgestaltung GmbH","St.-Pauli Straße 10","","80336","DE","München","","info@buchele-raumgestaltung.de"
"Burak-Supermarkt GmbH","Eintrachtstr. 16","","81541","DE","München","","buraksupermarktgmbh@example.com"
"Burkart Dörrobst AG","Rüstenschwil 38","","5644","CH","Auw","","burkartdrrobstag@example.com"
"BÜNDNIS 90 / DIE GRÜNEN","Sendlinger Str. 47","","80331","DE","München","","bndnis90diegrnen@example.com"
"Bürkle Leisten & Profile GmbH","Siemensstraße 30","","67227","DE","Frankenthal (Pfalz)","","brkleleistenprofileg@example.com"
"C.E. Noerpel GmbH Zweigniederlassung Heidenheim","Wilhelm-Kentner-Str. 1","","89520","DE","Heidenheim an der Brenz","+49 7314 0050","info@noerpel.de"
"CAMP RAMPS","Wiesenstrasse 3","","52222","DE","Stolberg","","campramps@example.com"
"CAPRICE Schuhproduktion GmbH & Co. KG","Blocksbergstraße","","66955","DE","Pirmasens","+49 (0) 63 31 / 27 33-0","ralf.koch@caprice.de"
"CARGOBIZ MAGDALENA GO?AB","Nied?wiady 16/4","","62-800","PL","Kalisz","","cargobizmagdalenagoa@example.com"
"CBTS","Sulzbacher Straße 10","","71522","DE","Backnang","+49(0) 7191 899 26 26","info@c-b-t-s.de"
"CFG Hocholdinger INRES","Friedrich-Ebert-Allee 144","","53113","DE","Bonn","","cfghocholdingerinres@example.com"
"CHECK24 Vergleichsportal Möbel GmbH","Wallstr. 9-13","","10179","DE","Berlin","","check24vergleichspor@example.com"
"CHORAL GmbH","Machabäerstraße 28","","50668","DE","Köln","","choralgmbh@example.com"
"CHS Container Handel GmbH","Tillmannstraße 19","","28239","DE","Bremen","","chscontainerhandelgm@example.com"
"CLG - Consolidation & Logistics GmbH","Rossweg 20 - Gebäude C","","20457","DE","Hamburg","","clgconsolidationlogi@example.com"
"CLS Rimer","Bradley Str. 16","","89231","DE","Neu-Ulm","","clsrimer@example.com"
"COSRAU GmbH","Königstr. 22","","83022","DE","Rosenheim","+49 8031 31029","info@cosrau.com"
"CPI Vertex Antennentechnik GmbH","Baumstraße 50","","47198","DE","Duisburg","","cpivertexantennentec@example.com"
"CRAs Ausbau- & Montageservice","Schmiedestraße 14A","","14554","DE","Seddiner See","","crasausbaumontageser@example.com"
"CS Transitarios, LDA","Rua Dr. Joaquim Manuel da Costa 1086, 1o Esquerdo Sala 8","","4420-437","PT","Valbom - Gondomar","+351 963 934 217","trafego@cstransitarios.pt"
"CURT HENNE GmbH & Co.KG","Franz-Stickan-Straße 1","","28197","DE","Bremen","","curthennegmbhcokg@example.com"
"Cani Grup","Yalinayak Mah. Soda Bekire Caddesi Kapi No: 105","","33020","TR","Toroslar / Mersin","+90 324 235 22 00","info@canigrup.com"
"Caradvance","Kistlerhofstraße 170","","81379","DE","München","","caradvance@example.com"
"CargoCrew International GmbH","Poppenbütteler Bogen 39 (Haus B)","","22399","DE","Hamburg","+49 (0)40 524 79 84 – 30","info@cargocrewInternational.de"
"Cargosteer So. z.o.o.","ul.Slaska 17","","81-319","PL","Gdynia","","cargosteersozoo@example.com"
"Casa Fortunata GmbH","Maximiliansplatz 12","","80333","DE","München","","casafortunatagmbh@example.com"
"Cleansteel GmbH","Hutschenreutherstraße 4","","92637","DE","Weiden in der Oberpfalz","","jan.filander@cleansteel.de"
"Coach Stores Ltd t/a Coach, Stuart Weitzmann & Kate Spade","Seventh Floor Brunel Building 2 Canalside Walk","","W2 1DG","UK","London","","coachstoresltdtacoac@example.com"
"Colt International GmbH","Max-Planck-Straße 5","","89340","DE","München","","coltinternationalgmb@example.com"
"Comarch AG","Riesstraße 16","","80992","DE","Munich","","rechnungen-caag@comarch.de"
"Comgistics GmbH","Rothenbaumchaussee 40","","20148","DE","Hamburg","","comgisticsgmbh@example.com"
"Compass Europe s. r. o.","Poľná 4","","903 01","SK","Senec","+421 911 903 955","hricovec@compasspools.eu"
"Compass Pools Deutschland GmbH","Am Lehmhügel 7","","94530","DE","Auerbach","+49 (0)9901 90307 0","info@compasspools.de"
"Concorde Home Entertainment GmbH","Luise-Ullrich-Straße 6","","82031","DE","Grünwald","","concordehomeentertai@example.com"
"Condrobs e.V.","Berg-am-Laim-Straße 47","","81673","DE","München","","condrobsev@example.com"
"Confiserie Marie Louise GmbH","Wittestrasse 26e","","13509","DE","Berlin","","confiseriemarielouis@example.com"
"Consors Finanz BNP Paribas S.A. Niederlassung Deutschland","Schwanthalerstraße 31","","80336","DE","München","","consorsfinanzbnppari@example.com"
"Constantia Pirk GmbH & Co. KG","Pirkmühle 14-16","","92712","DE","Pirk","+49 961 87 0","office.pirk@cflex.com"
"Constantin Film Produktion GmbH","Feilitzschstraße 6","","80802","DE","München","","constantinfilmproduk@example.com"
"Continental Building Services GmbH","Martinskirchweg 18","","67346","DE","Speyer","","continentalbuildings@example.com"
"Copyright Promotions Licensing Group GmbH","Thalkirchner Straße 2","","80337","DE","Munich","","copyrightpromotionsl@example.com"
"Crosspolimeri AG Schweiz","Hauptstrasse 300","","5064","CH","Wittenau","","crosspolimeriagschwe@example.com"
"Czarnecki Artur","Baakenallee 8","","20457","DE","Hamburg","","Artur.Czarnecki@rwe.com"
"DB Netz AG","Elisabeth-Schwarzhaupt-Platz 1","","10115","DE","Berlin","","dbnetzag@example.com"
"DESA Construction GmbH","Grafenberger Allee 277-287","","40237","DE","Düsseldorf","","desaconstructiongmbh@example.com"
"DFB EURO GmbH","Otto-Fleck-Schneise 6","","60528","DE","Frankfurt am Main","","dfbeurogmbh@example.com"
"DHL Freight GMbH","Postfach 20 03 62","","53133","DE","Bonn","","dhlfreightgmbh@example.com"
"DHL Global Forwarding (UK) Limited","Eastworth House, Eastworth Road,","","KT16 8SH","UK","Chertsey, Surrey.","","dhlglobalforwardingu@example.com"
"DHL Global Forwarding GmbH","Flughafenallee 11","","28199","DE","Bremen","","dhlglobalforwardingg@example.com"
"DLS Land und Seespeditionsgesellschaft mbH","Jacorbsrade 1","","22962","DE","Siek","","dlslandundseespediti@example.com"
"DOK Kindersuesswaren GmbH","Aspastraße 24","","59394","DE","Nordkirchen","","dokkindersuesswareng@example.com"
"DREWS Fuhrgeschäft","Buchholzstr. 59","","49377","DE","Vechta","","drewsfuhrgeschft@example.com"
"DSS 24 UG","Ludwig-Erhard-Str. 11","","85375","DE","Neufahrn","","dss24ug@example.com"
"DTL Ulus. Tas. ve Loj. Hiz. Dis Tic. Ltd. Sti.","UNIVERSITE MAH. KAMP SK. İLCAN SITESI NO:1 KAPI NO: 6","","","TR","Istanbul","","dtlulustasvelojhizdi@example.com"
"DYCKHOFF GmbH","Hauenhorster Straße 131","","48431","DE","Rheine","","f.viets@dyckhoff24.de"
"DYWIDAG Sp. z o.o.","ul. Gen. Hallera 78","","41-709","PL","Ruda Śląska","","Witold.Kierczak@dywidag.com"
"DYWIDAG Systems International GmbH","Neuhofweg 5","","85716","DE","Unterschleißheim","+49-89-30 90 50-100","dsihv@dywidag.com"
"DYWIDAG-Systems International B.V.","Veilingweg 2","","5301KM","NL","Zaltbommel","","dywidagsystemsintern@example.com"
"DYWIDAG-Systems International GmbH","Germanenstraße 8","","86343","DE","Königsbrunn","","Joachim.Truetsch@dywidag.com"
"Deniz Caliskan","Am Bleichbach 9","","85452","DE","Moosinning","","denizcaliskan@example.com"
"Deutsche Post AG","Franz-Zebisch-Str. 15","","92637","DE","Weiden","","deutschepostag@example.com"
"Deutsche Rettungsdiensthilfe e.V.","Baubergerstraße 61","","80992","DE","München","","info@deutsche-rettungsdiensthilfe.de"
"Dietz Kältetechnik GmbH & Co. KG","Steindamm 48","","28719","DE","Bremen","0421 / 63 26 29","buchhaltung@dietz-kaelte.de"
"Dipol GmbH","Dillenburger Weg 50","","40229","DE","Düsseldorf","","dipolgmbh@example.com"
"Direct-Route Sarl","1, rue de Stockholm","","75008","FR","Paris","","directroutesarl@example.com"
"Dispo","Gewerbegebiet Ost 31","","92353","DE","Postbauer-Heng","","dispo@ms-marine.de"
"Dominic Laufenberg","Dorotheenstraße 12","","22301","DE","Hamburg","","dominiclaufenberg@example.com"
"Dr. Ingrid Th.Schwerzel-Schoer","Mauerkircherstraße 1/b","","81679","DE","München","","dringridthschwerzels@example.com"
"Dr. Ljubomir Petkov","Albert-Rosshaupter Str.67","","81369","DE","München","","drljubomirpetkov@example.com"
"DrGreen GmbH","Schnelldorf 64","","4975","AT","Suben","","team@drgreen.at"
"Drahtseilwerk GmbH","Auf der Bult 14 - 16","","27574","DE","Bremerhaven","","drahtseilwerkgmbh@example.com"
"Druckerei Vogl GmbH & Co.KG","Georg-Wimmer-Ring 9","","85604","DE","Zorneding","+49 (0) 8106-23081-70","versand@druckerei-vogl.de"
"Dunkermotoren GmbH","Allmendstr. 11","","79848","DE","Bonndorf/Schwarzwald","+49 7703 930 - 0","info.dunkermotoren@ametek.com"
"Duotec Medical GmbH","Dr.-Kurt-Huber-Str. 6","","82031","DE","Grünwald","","duotecmedicalgmbh@example.com"
"Dwuzet Fassadentechnik GmbH","Bredowstrasse 10","","22113","DE","Hamburg","","dwuzetfassadentechni@example.com"
"Düllberg Konzentra GmbH & Co. KG","Obenhauptstrasse 3","","22335","DE","Hamburg","","dllbergkonzentragmbh@example.com"
"E-proPLAST GmbH","An der Asbacher Str. 38","","98574","DE","Schmalkalden","","eproplastgmbh@example.com"
"ED-TRANS","6 bis rue Deneb","","72230","FR","MONCE EN BELIN","","edtrans@example.com"
"EGLI AG Process Technology","Wilerstrasse 7","","9606","CH","Bütschwil","+41 71 982 88 00","info@egliag.com"
"ELH Waggonbau Niesky GmbH","Am Waggonbau 11","","2906","DE","Niesky","","elhwaggonbaunieskygm@example.com"
"ELOS Speditions GmbH - Projektspedition Berlin","Storkower Straße 113","","10407","DE","Berlin","","elosspeditionsgmbhpr@example.com"
"EM Golfplatz/Management GmbH","Renkenstr. 12","","82266","DE","Inning am Ammersee","","emgolfplatzmanagemen@example.com"
"EMEF-Energie","Hauptstraße 371","","53639","DE","Königswinter","02223/7922070","info@emef-energie.de"
"EMINIA TRADING GmbH","Gernotstrasse 16","","44319","DE","Dortmund","","eminiatradinggmbh@example.com"
"EMO-TRANS GmbH","Raiffeisenstr. 30","","70794","DE","Filderstadt","","emotransgmbh@example.com"
"EMO-TRANS GmbH","Huettruper Heide 88","","48268","DE","Greven","+49 (0) 2571-916616","info@emo.de"
"ENEOP 3","Avenida Cabo Verde No 36","","4900-568","PT","Viana do Castelo","","eneop3@example.com"
"ENERCON GMBH","Via Carlo Veneziani N 58","","148","IT","Roma RM","","enercongmbh@example.com"
"ENERCON GmbH Greek Branch","49A L. Doukissis Plakentias","","152 34","GR","Chalandri-Athens","+30 210 683 84 90","enercongmbhgreekbran@example.com"
"ENERCON GmbH Sucursal PT","Avenida de Cabo Verde 36","","4900-568","PT","Viana do Castelo","","enercongmbhsucursalp@example.com"
"ENERCON Logistic GmbH","Holzweg 87","","26605","DE","Aurich","+49 49 41 927-0","info@enercon.de"
"ENERCON WindEnergy Pvt.Ltd.","Bellary Road","","560092","IN","Bengaluru","","enerconwindenergypvt@example.com"
"ERFURT & Sohn KG","Hugo-Erfurt-Straße 1","","42399","DE","Wuppertal","+49 202 6110 353","G.Ensabella@erfurt.com"
"EURO-Masten GmbH","Spenglerstraße 89","","23556","DE","Lübeck","0451 79 10 75","k.zielke@euromasten.de"
"EVG Edelstahlvertriebsgesellschaft mbH","Otto-Stoelcker-Str. 37","","35066","DE","Frankenberg","","evgedelstahlvertrieb@example.com"
"Eesti Kultuuriministeerium","Suur-Karja 23","","10148","EE","Tallinn","","eestikultuuriministe@example.com"
"Elis München GmbH","Stahlgruberring 19","","81829","DE","München","","elismnchengmbh@example.com"
"Elke Höver - Höver-Papertrade","Bleckering 14","","22119","DE","Hamburg","","elkehverhverpapertra@example.com"
"Eltrans Plus GmbH","Manteuffelstrasse 21","","22587","DE","Hamburg","","eltransplusgmbh@example.com"
"Emerson","Heisenbergbogen 2","","85609","DE","Aschheim","089 21547800","emerson@example.com"
"Emil Frey Exklusive Cars GmbH","Moosacher Straße 56","","80809","DE","München","","emilfreyexklusivecar@example.com"
"Emons Spedition GmbH & Co. KG","Lindberghstraße 6","","85399","DE","Hallbergmoos","","emonsspeditiongmbhco@example.com"
"Emsdettener Eisenhandlung GmbH","Wilmersstraße 34","","48282","DE","Emsdetten","","emsdettenereisenhand@example.com"
"Enercon GmbH","Dreekamp 5","","26605","DE","Aurich","","thomas.endelmann@enercon.de"
"Engelmann Turf Care GmbH","Keltenring 11","","82041","DE","Oberhaching","","engelmannturfcaregmb@example.com"
"Erdem Aktar Transporte","Kysostr. 1","","85301","DE","Schweitenkirchen","","erdemaktartransporte@example.com"
"Erich Czulkowski GmbH","Kreuzerwiese 3","","56290","DE","Dommershausen","","erichczulkowskigmbh@example.com"
"Erich Czulkowski GmbH Zweigniederlassung Düsseldorf","Henkelstraße 67","","40589","DE","Düsseldorf","","erichczulkowskigmbhz@example.com"
"Ernst Weinzierl","Brückenstr.5","","84137","DE","Vilsbiburg","","ernstweinzierl@example.com"
"Essendorfer Genussschmelzerei GmbH","Bayrischzeller Straße 11","","83727","DE","Schliersee","","essendorfergenusssch@example.com"
"EuTech Europa Technology","An der Riede 5","","38110","DE","Braunschweig","","eutecheuropatechnolo@example.com"
"Exponex s.r.o.","Janou?kova 2015/1a","","613 00","CZ","Brno ? ?erná Pole","","exponexsro@example.com"
"Express Group, a.s.","Plynárenská 7/B","","82109","SK","Bratislava","","expressgroupas@example.com"
"F.H. Bertling Logistics Aberdeen Ltd.","Ground Floor, 166 College Road","","HA1 1BH","UK","Harrow, Middlesex","","fhbertlinglogisticsa@example.com"
"F.H. Bertling Logistics Georgia LLC","Room 4, 8th Floor, Green Office, 154 Agmashenebeli Avenue","","112","GE","Tbilisi","","fhbertlinglogisticsg@example.com"
"FAME Logistics & Trade GmbH","Gebrüder-Wright-Str. 4","","60486","DE","Frankfurt am Main","","famelogisticstradegm@example.com"
"FLIESEN MAUZ GMBH","Dekan-Laist-Str. 48","","55129","DE","Mainz","","fliesenmauzgmbh@example.com"
"FMCG Nederland B.V.","Maasstraat 24","","6049","NL","CC Herten","","fmcgnederlandbv@example.com"
"FREO Financial & Real Estate Operations GmbH","Jungfernturmstrasse 2","","80333","DE","München","","freofinancialrealest@example.com"
"FSO GmbH & Co.KG","Friedrich-Wöhler-Str. 8","","64579","DE","Gernsheim","","fsogmbhcokg@example.com"
"FUCHS Bau GmbH","Dorstener Straße 1","","9661","DE","Hainichen","","fuchsbaugmbh@example.com"
"Fagioli S.p.A.","Via Ferraris 13","","42049","IT","S. Ilario D'Enza (RE)","","fagiolispa@example.com"
"Fantastiqu Trade GmbH","Hagenmüllergasse 22/35","","1030","AT","Wien","","fantastiqutradegmbh@example.com"
"Fast truck solution UG (haftungsbeschränkt)","Langer Kornweg 34 D","","65451","DE","Kelsterbach","","fasttrucksolutionugh@example.com"
"Fast'n Easy GmbH","Am Sommerfeld 1","","85646","DE","Anzing","","fastneasygmbh@example.com"
"Ferntrans internationale Speditions-GmbH","Frankenwaldstr. 27 ? 29","","95152","DE","Selbitz","+49 9280 98 300","info@spedition-ferntrans.de"
"Filgertshofer Alois","Marktstraße 55","","83646","DE","Bad Tölz","+49 172 72 31 31 6","Alois.Filgertshofer@fimax.de"
"Finow Rohrsysteme GmbH","Angermünder str. 101","","16225","DE","Eberswalde","","finowrohrsystemegmbh@example.com"
"Florian Haller - Pawpawschule","Mühlweg 6","","82544","DE","Egling","","florianhallerpawpaws@example.com"
"Formlos GmbH","Siebengebirgsallee 188","","50939","DE","Köln","","wachsmann@formlos.com"
"Formteilbau Schmitt GmbH & Co. KG","Schönauer Weg 20","","97783","DE","Karsbach","","formteilbauschmittgm@example.com"
"Forstner Glass+ GmbH","Franz-Kollmann-Str. 4","","33000","AT","Amstetten","","forstnerglassgmbh@example.com"
"Frank Vermögensverwaltungsgesellschaft mbH","Kurfürstendamm 124","","10711","DE","Berlin","","frankvermgensverwalt@example.com"
"Franka Emika GmbH","Frei-Otto-Straße 20","","80797","DE","München","","frankaemikagmbh@example.com"
"Fraunhofer IWES","Am Seedeich 45","","27572","DE","Bremerhaven","","fraunhoferiwes@example.com"
"Freiburger Hochbau Nord GmbH","Berta-Ottenstein-Straße 11","","79106","DE","Freiburg im Breisgau","","freiburgerhochbaunor@example.com"
"Friedrich Köster GmbH & Co. KG Maschinenfabrik + Gießerei","Friedrichswerk 1 - 7","","25746","DE","Heide","0481-797 225","friedrichkstergmbhco@example.com"
"Fructus sp. z o.o","Maszewska 15","","72-100","PL","Goleniów","","fructusspzoo@example.com"
"Fürmetz Logistik GmbH","Kirchlern 4","","84416","DE","Taufkirchen (Vils)","","frmetzlogistikgmbh@example.com"
"G. Eichenwald GmbH & Co. KG","Ruhrstraße 60","","41469","DE","Neuss","02137 / 91787-0","ideal@eichenwald.de"
"GARDA METAL WORKS POLSKA Sp. z o.o.","ulica Miedziana 16B","","59-100","PL","Polkowice","","gardametalworkspolsk@example.com"
"GBM GLEISSBAUMECHANIK BRANDENBURG/H.","Adlerstraße 2","","14774","DE","Brandenburg an der Havel","+49033818044110","gbmgleissbaumechanik@example.com"
"GEBAS GmbH","Glescher Straße 126","","50126","DE","Bergheim","","gebasgmbh@example.com"
"GEODIS CL Germany GmbH","Colmarer Str. 11","","60528","DE","Frankfurt am Main","+49 6106 2680 5310","rechnungseingang1-glde@geodis.com"
"GHH Fahrzeuge GmbH","Emscherstr. 53","","45891","DE","Gelsenkirchen","","ghhfahrzeugegmbh@example.com"
"GKDS","Hansastraße 12-16","","80686","DE","München","","gkds@example.com"
"GKM Services GmbH","Felix Wankel Str. 11","","74915","DE","Waibstadt","+49 (7263) 40972-0","info@gkm-group.com"
"GKM Siebtechnik GmbH","Felix Wankel Straße 11","","74915","DE","Waibstadt","+49 (7263) 40972-0","info@gkm-group.com"
"GLEAM Technologies GmbH","Markhofgasse 19/1.OG","","1030","AT","Wien","","gleamtechnologiesgmb@example.com"
"GNS Georgia LTD.","12 Merab Aleksidze Street, 6th Floor","","171","GE","Tbilisi","","gnsgeorgialtd@example.com"
"GOLDBECK Süd GmbH","Anna-Sigmund-Straße 2-4","","82061","DE","Neuried","","goldbecksdgmbh@example.com"
"GOP Entertainment Group GmbH & Co. KG","Im Kurgarten 8","","32545","DE","Bad Oeynhausen","","gopentertainmentgrou@example.com"
"GOP Showconcept GmbH & Co. KG","Georgstraße 36","","30159","DE","Hannover","+ 49 (0) 521 3299 250","info@variete.de"
"GTH Green-Stores Handels UG & Co. KG","Thyssenstraße 6","","32312","DE","Lübbecke","","gthgreenstoreshandel@example.com"
"Gallafilz GmbH","Residenzstraße 27","","80333","DE","München","","gallafilzgmbh@example.com"
"Gebert & Gebert Sanitär und Heizungsbau GmbH","Josefsstrasse 2","","51789","DE","Lindlar","","gebertgebertsanitrun@example.com"
"Gebrüder Schneller GmbH & Co. KG","Im Kreuz 11","","97076","DE","Würzburg","+49 931 27988-11","B.Zimmer@gebrueder-schneller.de"
"Geis Air + Sea GmbH","Mattentwiete 8","","20457","DE","Hamburg","","geisairseagmbh@example.com"
"Gemeinde Eichenau","Hauptplatz 2","","82223","DE","Eichenau","","gemeindeeichenau@example.com"
"Generator Produkcja Opole Sp.z.o.o","ul. O?wi?cimska 102E","","45641","PL","Opole","","generatorprodukcjaop@example.com"
"Gerish GmbH","Konstantinstraße 16","","41238","DE","Mönchengladbach","","gerishgmbh@example.com"
"Gertzen Transportlogistik GmbH & Co.KG","Pollertstraße 44","","26892","DE","Kluse / Ahlen","","gertzentransportlogi@example.com"
"Gharieni Group GmbH","Am Schürmannshütt 24","","47441","DE","Moers","+49 (0) 2841 – 88 300-50","info@gharieni.com"
"Gianti logistics LTD","Gulia Square 4/2","","114","GE","Tbilisi","","giantilogisticsltd@example.com"
"Glaß & Wolff Metalltechnik GmbH & Co. KG","Böttcherstraße 4","","27404","DE","Zeven","","e.ehmke@glass-wolff.de"
"Global Treats GmbH","St.-Antonius-Straße 1","","79793","DE","Wutöschingen","","info@vernaschediewelt.com"
"Globalsped GmbH","Pendelhagen 1","","83416","DE","Saaldorf-Surheim","","globalspedgmbh@example.com"
"Gorges tent...event GmbH & Co. KG","Eifelstrasse 34","","56759","DE","Laubach","","gorgestenteventgmbhc@example.com"
"Gorilla Deutschland GmbH","Sauerlacher Straße 54A","","82515","DE","Wolfratshausen","","tasso@letsgogorilla.de"
"Granar GmbH","Lindenallee 25a","","42899","DE","Remscheid","02191 460 56 60","info@granar.de"
"Green City e. V.","Lindwurmstr. 88","","80337","DE","München","","greencityev@example.com"
"Greenwood Group Ltd - Greenwood Nursery","Church Road, Aldingbourne","","PO2 3TU","UK","Chichester","","greenwoodgroupltdgre@example.com"
"GridParity AG","Ohmstr. 7","","85757","DE","Karlsfeld","","gridparityag@example.com"
"Güray Karabacak Sicherheit und Service","Melchiorstr. 48","","81479","DE","München","","graykarabacaksicherh@example.com"
"Güttler Logistik GmbH","Dieselstraße 28","","85748","DE","Garching bei München","","herbert.brunner@guettlerlogistik.de"
"Güttler Logistik GmbH","Fuhrmannstraße 8","","95013","DE","Hof/Saale","","gttlerlogistikgmbh@example.com"
"HAROSYSTEM, Inh. Samy Hadj Amor","Röntgenstraße 8","","40699","DE","Erkrath","","info@haro-system.com"
"HAUBNER Systembau GmbH","Am Kornfeld 5","","92318","DE","Neumarkt in der Oberpfalz","","haubnersystembaugmbh@example.com"
"HBB Centermanagement GmbH & Co. KG","Theresienhöhe 5","","80339","DE","München","","hbbcentermanagementg@example.com"
"HBB Gewerbebau Projektgesellschaft Forum Hanau mbH & Co. KG","Brooktorkai 22","","20457","DE","Hamburg","+49 (6181) 91 95 7 23","invoice@hbb.de"
"HL HAMBURGER LEISTUNGSFUTTER GmbH","Konsul-Ritter-Str. 3","","21079","DE","Hamburg","+49 (0)40/76692-0","allgemein@ibeka.com"
"HPF Energy Services","3 Kinwarton Farm Road, Arden Forest Industrial Estate, Alcester","","B49 6EH","UK","Warwickshire","","hpfenergyservices@example.com"
"Haka Trans Spedition und Handels GmbH","Dieselstrasse 21","","85748","DE","Garching bei München","","hakatransspeditionun@example.com"
"Hamm AG","Hammstr. 1","","95643","DE","Tirschenreuth","+49 9631 800","info@hamm.eu"
"Hans-Jürgen Müller","Lecherwiese 10","","83620","DE","Feldkirchen-Westerham","","hansjrgenmller@example.com"
"Harsco Rail Europe GMBH","Lütticher Straße 130","","40547","DE","Dusseldorf","","harscoraileuropegmbh@example.com"
"Hasslacher Drauland Holzindustrie GmbH","Feistritz 1","","9751","AT","Sachsenburg","+43 4769 22 49 - 0","info@hasslacher.com"
"Hatice Schmidt GmbH","Schönstedtstraße 7","","12043","DE","Berlin","","haticeschmidtgmbh@example.com"
"Haubner Holding GmbH","Am Kornfeld 5","","92318","DE","Neumarkt in der Oberpfalz","","haubnerholdinggmbh@example.com"
"Haus Flammberg Seniorenresidenz GmbH","Karolinenstraße 1-3","","59759","DE","Arnsberg","+49 (0) 2932/484-3114","hausflammbergseniore@example.com"
"Haus Linde Senioren- und Pflegeheim GmbH","Heinrich-Steinweg-Straße 17","","38685","DE","Langelsheim","","hauslindeseniorenund@example.com"
"HeGo Biotec GmbH","Goerzallee 305 b","","14167","DE","Berlin","","hegobiotecgmbh@example.com"
"Heathrow Express","The Compass Centre, Nelson Road","","TW6 2GW","UK","Hounslow, Middlesex.","","heathrowexpress@example.com"
"Hegelmann Transporte Sp. z o.o.","Kucelinska 22","","42-200","PL","Czestochowa","","hegelmanntransportes@example.com"
"Heimatlicht GmbH & Co. KG","Seiboldsdorfer Mühle 9","","83278","DE","Traunstein","","heimatlichtgmbhcokg@example.com"
"Heinrich Glaeser Nachf. GmbH","Blaubeurer Str. 263","","89081","DE","Ulm","","heinrichglaesernachf@example.com"
"Heinrich Salm KG","Printzstraße 5","","76139","DE","Karlsruhe","","Poersel@salm-karlsruhe.de"
"Heizomat GmbH","Maicha 21","","91710","DE","Gunzenhausen","","heizomatgmbh@example.com"
"Heldenstern*UG","Herrengut 15","","76530","DE","Baden-Baden","","heldensternug@example.com"
"Hellmann Worldwide Logistics Road & Rail GmbH & Co. KG","Ludwig- Erhard- Strasse 7","","28197","DE","Bremen","","hellmannworldwidelog@example.com"
"Helmut Müller GmbH | Internationale Spedition","Adam-Geisler-Str. 1","","82140","DE","Olching","","helmutmllergmbhinter@example.com"
"Henan Aotie International Freight Forwarding Co.,Ltd.","Room 2012, Expo Center, 28 Dongfeng Road, Jinshui District,","","","CN","City ,Henan Province,China","","henanaotieinternatio@example.com"
"Henke Marc","Dessauerstr. 60","","45472","DE","Mülheim an der Ruhr","","Marc.Henke@pet-logistics.com"
"Hesse GmbH & Co. KG","Warendorfer Str. 21","","59075","DE","Hamm","","hessegmbhcokg@example.com"
"Hessischer Leichtathletik-Verband","Otto-Fleck-Schneise 4","","60528","DE","Frankfurt am Main","","hessischerleichtathl@example.com"
"Het beste van de Kweker","Lange Broekweg","","2671DT","NL","Naaldwijk","","hetbestevandekweker@example.com"
"Hierl & Müller","Gustav-Hertz-Str. 10","","94315","DE","Straubing","","hierlmller@example.com"
"Highleigh Nurseries","Highleigh Road, Sidlesham,","","PO20 7NR","UK","Chichester, West Sussex","","highleighnurseries@example.com"
"Hoever-Papertrade UG (haftungsbeschränkt)","Bleckering 14","","22119","DE","Hamburg","","hoeverpapertradeugha@example.com"
"Hope Tree International GmbH","Ostergartenstr. 10","","82538","DE","Geretsried","","hopetreeinternationa@example.com"
"Hubert Plenter GmbH","Amelunxenstaße 1","","48167","DE","Münster","","hubertplentergmbh@example.com"
"I.Q.Courier e.K.","Carl-Zeiss-Ring 15a","","85737","DE","Ismaning","","iqcourierek@example.com"
"IEM GmbH","Sreitelsfingerstraße 45E","","88131","DE","Lindau","+49 (0) 151232 09767","iemgmbh@example.com"
"IIC AG","Breisacher Strasse 86","","79110","DE","Freiburg im Breisgau","","iicag@example.com"
"IKAU INVEST s.r.o.","Rehorova 1004/32","","CZ","CZ","Praha 3","","ikauinvestsro@example.com"
"IKRA UK Limited","Mulberry Way, Belvedere","","DA17 6AN","UK","Kent","","ikrauklimited@example.com"
"IMEDCO AG","Industriestrasse West 14","","4614","CH","Hägendorf","+41 62 209 40 20","imedcoag@example.com"
"IMF Modell- u. Formenbau Illertal GmbH","Gassenäcker 45","","89195","DE","Staig","","imfmodelluformenbaui@example.com"
"INOTEC GmbH","Dieselstraße 1","","72770","DE","Reutlingen","","inotecgmbh@example.com"
"INOX Schleiftechnik GmbH & Co. KG","Otto-Stoelcker-Str. 31","","35066","DE","Frankenberg","06451 210060","info@inox-schleiftechnik.de"
"INTER-PAPIER Handelsgesellschaft mbH","Friedenstraße 2","","25421","DE","Pinneberg","","interpapierhandelsge@example.com"
"INTERMODAL SOLUTIONS LTD","Sredets area, street Lyuben Karavelov, bl 28, ap. 7","","","BG","Sofia","","intermodalsolutionsl@example.com"
"IPS – Intelligente Prozesslösungen GmbH","Dr.-Gustav-Adolph-Str. 2","","82049","DE","Pullach","+49 89 4161 4885-0","info@ips-energy.com"
"IVECO Poland SP. Z.O.O","Al. Wyscigowa","","2681","PL","Warsawa","","ivecopolandspzoo@example.com"
"IVECO SPA","Via Puglia 35","","10156","IT","Torino (TO)","","ivecospa@example.com"
"InXpress Bonn","Merianstraße 43","","53177","DE","Bonn","+49 (0)228 5349 438","inxpressbonn@example.com"
"InXpress Frankfurt","Niedernhausener Straße 53","","60326","DE","Frankfurt am Main","","inxpressfrankfurt@example.com"
"InXpress Lindau/Kempten","Ellgasser Straße 9c","","88161","DE","Lindenberg im Allgäu","+49 (0)8383 92 96 055","info.nusser@inxpress.com"
"InXpress München","Schwanseestr. 71b","","81549","DE","München","","serdar.buyar@inxpress.com"
"InXpress Riviera","10 Avenue du Docteur Fabre","","6160","FR","Juan Les Pins","","inxpressriviera@example.com"
"Indeed Ireland Opetations Ltd","80 Sir John Rogersom´s Quay, Gran canal Dock, Block B, Capital Dock","","","IE","Dublin DO2 HE36","","indeedirelandopetati@example.com"
"Infraserv Vakuumservice GmbH","Gleiwitzer Straße 8","","85386","DE","Eching","","wieland@infraservgmbh.com"
"Ingenieurbüro RT","Auguste-Wittig-Str. 10","","83646","DE","Bad Tölz","","ingenieurbrort@example.com"
"Innotech GmbH","Lengloher Strasse 8","","83342","DE","Tacherting","","innotechgmbh@example.com"
"InternationalSpeedTransport Marta Kujda","Wojska Polskiego 25","","PL69110","PL","Rzepin","","internationalspeedtr@example.com"
"Interteam Speditionsgesellschaft mbH","Kattjahren 8","","22359","DE","Hamburg","","interteamspeditionsg@example.com"
"Inxpress Freiburg","Breisgaustr. 18","","79312","DE","Emmerdingen","","inxpressfreiburg@example.com"
"Inxpress Germany GmbH","Curiestrasse 11","","55129","DE","Mainz","","klaus-dieter.krost@inxpress.com"
"Iveco Deutschland AG","Nicolaus-Otto-Straße 27","","89079","DE","Ulm","+49 89 31771 0","ivecodeutschlandag@example.com"
"Iveco France SAS","Rue Des Combats Du 24 Aout 44","","69200","FR","Venissieux","","ivecofrancesas@example.com"
"Iveco Schouten Almkerk","Postbus 61","","4286ZH","NL","Almkerk","","eric.simons@ivecogroup.com"
"J. DAHMEN & CO. KG, SOLINGEN","Dellenfeld 35","","42653","DE","Solingen","","jdahmencokgsolingen@example.com"
"J.B. Metal Vision GmbH","Dernekamp 74","","48249","DE","Dülmen","+49 (0) 2594 – 78310","info@metalvision.de"
"JELL GmbH & Co. KG","Am Anger 38","","83233","DE","Bernau am Chiemsee","","jellgmbhcokg@example.com"
"JIT Sp. z o.o.","Karmazynowa 32 K,","","02-887","PL","Warszawa","","jitspzoo@example.com"
"Jerzy Kakolewski Transport Miedzynarodowy Krajowy i Spediycja","ul. Podgorna 15 (DEBNO)","","62-060","PL","Stęszew","+48 618 134 436","jkakolewski@wp.pl"
"Johannes Michael Koch","Rudolf-Breitscheid-Str. 27","","90762","DE","Fürth","","johannesmichaelkoch@example.com"
"Jorns AG","Kirchgasse 12","","4932","CH","Lotzwil","+41 62 919 80 50","jornsag@example.com"
"Josef Wiegand GmbH & Co. KG","Landstraße 12","","36169","DE","Rasdorf","","josefwiegandgmbhcokg@example.com"
"Jörg Schwab Transport","Kreuzkirchstrasse 14","","93437","DE","Furth im Wald","","jrgschwabtransport@example.com"
"KAISER Process and Belt Technology GmbH / Member of the KICK Group","Siemensring 54 ? 56","","47877","DE","Willich","+49 (0) 2154 89107 - 0","info@kaiser-pbt.de"
"KAYAK SP. Z O.O.","UL. LEDÓCHOWSKIEGO 34","","63-400","PL","OSTRÓW WIELKOPOLSKI","","kayakspzoo@example.com"
"KLAFS GmbH","Erich-Klafs-Straße 3","","74523","DE","Schwäbisch Hall","","klafsgmbh@example.com"
"KNS Internationale Speditions GmbH","Liebigstrasse 2 - 20","","22113","DE","Hamburg","","knsinternationalespe@example.com"
"KS Tools Werkzeuge-Maschinen GmbH","Seligenstädter Grund 10-12","","63150","DE","Heusenstamm","+49 6104 4974 11","kstoolswerkzeugemasc@example.com"
"KST Georg Triebel","Zeithstraße 70A","","53819","DE","Neunkirchen-Seelscheid","","kstgeorgtriebel@example.com"
"Kajana Ltd.","Aphrodite 21","","8577","CY","Tala, Paphos, Cyprus","01719122036","kai@kajana.eu"
"Karl Pedross S.p.A.","Zona Industriale 1/c","","39021","IT","Laces (BZ)","","karlpedrossspa@example.com"
"Kassen- und Waagencenter Wägesystem WSM GmbH","Friedenstr. 18","","81671","DE","München","089 450624-0","technik@wsm-gmbh.com"
"Keco Module GmbH","Bruchstraße 8","","55263","DE","Ingelheim am Rhein","(0176) 245 982 36","frachten@keco-module.de"
"Keil Transport- und Logistik GmbH","Nikolaistr. 16","","30159","DE","Hannover","+491633111260","keil.w@arcor.de"
"Kempf & Seifried GmbH","Talweg 10","","72505","DE","Krauchenwies-Göggingen","","seifried@kempf-seifried.de"
"Kiesel Used GmbH","Baindter Straße 21","","88255","DE","Baienfurt","49 751 50 04 859","h.denzel@kiesel.net"
"Kirtur Turizm Insaat Taahhüt Elektrik San. Tic. Ltd. STİ","Bulgurlu mah. Alemdag cad. no: 60","Masaldan is merkezi E Blok, No: 4 Camlıca,","","TR","Istanbul","902164126010","info@kirtur.comtr"
"Klöpfer Holzhandel GmbH & Co. KG","Schleißheimer Straße 104","","85748","DE","Garching bei München","","klpferholzhandelgmbh@example.com"
"Kometer Grabmale Steinmetzbetrieb","Georg-Meisenbach-Str. 4","","81549","DE","München","","kometergrabmalestein@example.com"
"Kraftwerk Living Technologies","Maria-Theresia-Strasse 49","","4600","AT","Wels","","kraftwerklivingtechn@example.com"
"Krakau & Söhne Gewürze GmbH","Thüringerstraße 43","","46286","DE","Dorsten","","b.raedel@krakau-gewuerze.de"
"Krones AG","Böhmerwaldstraße 5","","93073","DE","Neutraubling","","kronesag@example.com"
"Ktec-Service GmbH","Am Gewerbepark 12","","9431","AT","St. Stefan im Lavanttal","+43 (0) 676 – 897 153 300","spareparts@ktec-service.at"
"Kuehne + Nagel Ltd","Unit 1 , Heathrow South Cargo Centre","","TW14 0PH","UK","Girling Way, Feltham","","kuehnenagelltd@example.com"
"Kugler Feinkost GmbH","Taxetstraße 5","","85599","DE","Vaterstetten","","kuglerfeinkostgmbh@example.com"
"KÜHNE+NAGEL (AG & Co.) KG","Hansastraße 10","","35708","DE","Haiger","","khnenagelagcokg@example.com"
"L.I.T. Air & Sea GmbH","Franz-Stickan-Straße 4","","28197","DE","Bremen","","speed@lit.de"
"L.I.T. Speed GmbH","Mottmannstraße 1-3","","53842","DE","Troisdorf","+49 4401920303","speed@lit.de"
"LB-Olympia GmbH","Rasmussengasse 4","","1210","AT","Wien","","lbolympiagmbh@example.com"
"LEWA Attendorn GmbH","Am Wassertor 5","","57439","DE","Attendorn","","lewaattendorngmbh@example.com"
"LGL Haushaltswaren GmbH","Helferner Weg 14b","","49214","DE","Bad Rothenfelde","","rechnung@lgl.eu"
"LIECO GmbH & Co KG","Diesseits 73","","4973","AT","Sankt Martin im Innkreis","","liecogmbhcokg@example.com"
"LMB Stahl- & Metallbau GmbH","Musenbergstraße 42","","81929","DE","München","","lmbstahlmetallbaugmb@example.com"
"LSP","Dachauer Str. 65","","80335","DE","München","","lsp@example.com"
"LUPİ LOJİSTİK ANONİM ŞİRKETİ","MEVLANA MAH.YILDIRIM BEYAZIT CAD.MORMENEKŞE SİTESİ NO:14 C  İC KAPİ NO","","4 ESEN","TR","Yurt Istabul","6091229268","yildiz@lupilojistik.com"
"La Nuova Casa GmbH & Co. KG","Landsberger Straße 374","","80687","DE","München","","lanuovacasagmbhcokg@example.com"
"Lacoste Austria GmbH","Söllheimerstrasse 16","","5020","AT","Salzburg","","accounting-de@lacoste.com"
"Lacoste Denmark ApS","Lindgreens Alle 12, 2.tv.","","2300","DK","Københagn S","","lacostedenmarkaps@example.com"
"Lacoste Germany GmbH","Leopoldstrasse 158","","80804","DE","München","+49 06 98 679 80 90","info@lacoste.com"
"Lacoste Germany GmbH c/o KPMG Tax AS","Postboks 7000","","306","NO","Oslo","","lacostegermanygmbhco@example.com"
"Lacoste Sweden AB","Sank Eriksgatan 119","","131 43","SE","Stockholm","","lacosteswedenab@example.com"
"Lacoste Switzerland AG","Wright-Strasse 9","","8152","CH","Opfikon","","accounting-ch@lacoste.com"
"Lacoste UK Ltd","4th Floor - Holborn Gate – 326-330 High Holborn","","WC1V 7PP","UK","London","","skegel@lacoste.com"
"Landeshauptstadt München","Schäflarnstr.10","","81371","DE","München","","landeshauptstadtmnch@example.com"
"Landeshauptstadt München Referat für Bildung und Sport","Bayerstr. 28","","80335","DE","München","","landeshauptstadtmnch@example.com"
"Landi Sp. z o.o.","Nowogrodzka 50/515","","00-695","PL","Warszawa","","office@landilogistics.com"
"Lectra Deutschland GmbH","Adalperostr. 80","","85737","DE","Ismaning","","lectradeutschlandgmb@example.com"
"Liebherr-Werk Nenzing GmbH","Dr. Hans Liebherr Str. 1","","6710","AT","Nenzing","+43 50809 44934","lwn-disposition@liebherr.com"
"Life is good GmbH","Reichenbachstraße 33","","80469","DE","München","","lifeisgoodgmbh@example.com"
"Ligural Sp. z o.o.","Adam Mickiewicza 36A","","01-616","PL","Warszawa","","liguralspzoo@example.com"
"Limexo Europe s.r.o.","Ricni 456/10","","11800","CZ","Praha","","invoice@limexo.eu"
"Lini's Bites GmbH","Gärtnerplatz 1","","80469","DE","Munich","","linisbitesgmbh@example.com"
"Ludwig Schleicher Anlagenbau GmbH & Co. KG","Neu-Weiher-Str. 4","","92690","DE","Pressath","","ludwigschleicheranla@example.com"
"M.J Global Logistic Co.,Ltd.","240, Jungang-daero, Dong-gu, 6F, Hyundai Insurance Building","","","KR","Busan","","mjgloballogisticcolt@example.com"
"MAGNA Projektentwicklung West GmbH","Limbecker Platz 1","","45127","DE","Essen","","magnaprojektentwickl@example.com"
"MAKO TSL sp. z o.o.","ulica Leona Droszyńskiego 24","","80-381","PL","Gdansk","+48585003434","info@makotsl.com"
"MARTIN BRAUN KG","Tillystraße 17","","30459","DE","Hannover","","martinbraunkg@example.com"
"MASCHINENHANDEL Heinz Singler","Elbestraße 51","","82538","DE","Geretsried","08171 6838","singler@t-online.de"
"MBS Logistics GmbH","Hansestrasse 57","","51149","DE","Köln","","mbslogisticsgmbh@example.com"
"ME-Pressen GmbH","Hertener Straße 108","","45892","DE","Gelsenkirchen","","mepressengmbh@example.com"
"MEDIA 6 AGENCEMENT SHOP FITTINGS","5, avenue des Berthaudières","","44680","FR","Sainte Pazanne","","media6agencementshop@example.com"
"MEP S.R.L.","zona ind.le S.Maria a Terme","","63087","IT","Comunanza","+39 0736 845076","info@mep-snc.com"
"MGZ München","Bayerstr. 3-5","","80335","DE","München","+49 (0)89 30 90 886-0","rechnungen@mgz-muenchen.de"
"MIDDLE EAST AIRLINES – AIRLIBAN S.A.L","Hugo-Eckener-Ring 161","Frankfurt Airport Center 1 Geb. 234","60549","DE","Frankfurt am Main","","AridiMo@mea.aero"
"MIKI - TRANS Lukasz Kaliszewski","Brzozie Lubawskie 73","","13-306","PL","Kurzetnik","","mikitranslukaszkalis@example.com"
"MKS Maschinen Handels GmbH","Lothforster Str. 46","","41849","DE","Wassenberg","","mksmaschinenhandelsg@example.com"
"MM Stahlbau GmbH","Dorfstraße 24","","86676","DE","Ehekirchen","","mmstahlbaugmbh@example.com"
"MONTRASIO Werkzeugmaschinen GmbH","Lanzstraße 6","","68789","DE","Sankt Leon-Rot","+49-6227-8651-0","carlo.montrasio@montrasio-gmbh.de"
"MPIPZ Köln","Carl von Linne Weg 10","","50829","DE","Köln","","mpipzkln@example.com"
"MPM GmbH","Lengloher Str. 8","","83342","DE","Tacherting","","mpmgmbh@example.com"
"MS Marine GmbH","Gewerbegebiet Ost 31","","92353","DE","Postbauer-Heng","+49 9188 3079896","post@ms-marine.de"
"MSD Express GmbH","Dieselstr. 28","","85748","DE","Garching bei München","","msdexpressgmbh@example.com"
"MSD Transporte - Dejan Gavrilovic","Dieselstr. 28","","85748","DE","Garching","","msdtransportedejanga@example.com"
"Mack Rides GmbH & Co KG","Mauermattenstrasse 4","","79183","DE","Waldkirch","+49 7681 2000-0","info@mack-rides.com"
"Maier Pharma Vertrieb GmbH","Gewerbering 5","","85777","DE","Fahrenzhausen","","corina.flamensbeck@maierpharma.de"
"Mallorca Real Estate GmbH & Co. KG","Isarwinkel 8","","81379","DE","München","","mallorcarealestategm@example.com"
"Mamarella GmbH","Geisenhausenerstr. 17","","81379","DE","München","","mamarellagmbh@example.com"
"MankeTech GmbH","Stahlstr. 27","","33415","DE","Verl","","manketechgmbh@example.com"
"Manolya Electronics GmbH & Co KG","Kurfürstendamm 59","","10707","DE","Berlin","+49 30 397 444 60","y.shatalinskyi@manolya.de"
"Maschinen Stockert Großhandels- Gesellschaft mit beschränkter Haftung","Friedrich-Bergius-Straße 17+1","","85662","DE","Hohenbrunn","","sa.stockert@maschinen-stockert.de"
"MedAdvance GmbH & Co. KG","Reisertstr. 24","","53773","DE","Hennef (Sieg)","","medadvancegmbhcokg@example.com"
"MediaRange GmbH","Zum Quellenpark 29","","65812","DE","Bad Soden am Taunus","+49 6196 523 81 85","kontakt@mediarange.de"
"Medien-Dienstleistungen Knoblich GmbH","Senftlstraße 1","","81541","DE","München","","mediendienstleistung@example.com"
"MegaSauna GmbH","Otto-Hahn-Str. 4","","27283","DE","Verden (Aller)","","megasaunagmbh@example.com"
"Meil Keramik & Natursteinbau GmbH","Karl-Benz-Str. 18","","85221","DE","Dachau","","meilkeramiknaturstei@example.com"
"Meissner Bolte Patentanwälte Rechtsanwälte Partnerschaft mbB","Widenmayerstr. 47","","80538","DE","München","","meissnerboltepatenta@example.com"
"Michael Ages","Pfaffenpfädchen 15","","51145","DE","Köln","","michaelages@example.com"
"Michael Pendry mixed media art","Nymphenburger Str. 108a","","80636","DE","München","","michaelpendrymixedme@example.com"
"Michael Szing","Voldering 6","","84405","DE","Dorfen","","baukraftevent@gmx.de"
"Milan Martinec","Kounicova 681/10","","60200","CZ","Brno","","milanmartinec@example.com"
"Misnak International (UK) Ltd","22-24 Red Lion Court","","EC4A 3EB","UK","London","","misnakinternationalu@example.com"
"Mitsch Gottfried","Am Richteranger 6","","83623","DE","Dietramszell","","mitschgottfried@example.com"
"MobilHybrid GmbH","Bürgermeister Wegele Straße 12","","86167","DE","Augsburg","+49 157 83503438","info@mobilhybrid.de"
"Mobilia Transport Sp. z o.o.","Ul. Spacerowa 1/5","","62-811","PL","Koscielna Wies","","mobiliatransportspzo@example.com"
"Mohiyadin Zada Rehabilitation & Construction Organisation","Charahi Qala e Nagara","","","AF","Kabul","","mohiyadinzadarehabil@example.com"
"Monsun GmbH","Olschewskibogen 4","","80935","DE","München","","monsungmbh@example.com"
"Montefish D.O.O.","Dumidran","","85320","ME","Tivat","","nabavka@montefish.me"
"Mortensen","Spaldingstrasse 64","","20097","DE","Hamburg","","mortensen@example.com"
"Mountain Sports Outlet GmbH","Reichenberger Str. 1","","84130","DE","Dingolfing","","mountainsportsoutlet@example.com"
"MulTim Consulting","Oktomvriska Revolucija 1/11","","1300","MK","Kumanovo","","multimconsulting@example.com"
"Multigear GmbH","Am Flugplatz 34","","56743","DE","Mendig","+49 (0) 2652 93605 16","multigeargmbh@example.com"
"Mursall GmbH & Co. KG","Lohwiese 9","","86937","DE","Scheuring","","mursallgmbhcokg@example.com"
"Mychecker24.de","Siemensstr. 3","","82178","DE","Puchheim","","mychecker24de@example.com"
"Märkische Faser GmbH","Grisuten Strasse 13","","14727","DE","Premnitz","+49 3386 24 3155","marketing@maerkische-faser.com"
"NATCO GmbH Internationale Spedition","Diepenau 2","","28195","DE","Bremen","","natcogmbhinternation@example.com"
"NEUE WOHNKULTUR classic + design GmbH","Königstrasse 20 + 22","","83022","DE","Rosenheim","","neuewohnkulturclassi@example.com"
"NEWFLOW Logistics sp. z o.o.","ulica Łużycka 2","","81-300","PL","Gdynia","","newflowlogisticsspzo@example.com"
"NLG (New Logistic Group)","Ana polytkovskaya Street #10, APT 32","","131","GE","Tiflis","","nlgnewlogisticgroup@example.com"
"NORDICA COFFEE GmbH","Rütersbarg 52","","22529","DE","Hamburg","+49 040571 99893 0","info@nordica.coffee"
"NOSTA Logistics GmbH","Akexander-Fleming-Str. 3","","68519","DE","Viernheim","+49 (0) 6204 98685-44","dburst@nosta.de"
"Nagel GmbH","Redcarstrasse 46b","","53842","DE","Troisdorf","+49 (0) 22 41 – 973 53 43","info@nagel-manufaktur.com"
"Nasa Telekommunikation GmbH","Vogelsanger Weg 39","","40470","DE","Düsseldorf","","nasatelekommunikatio@example.com"
"National Instruments Germany GmbH","Landsberger Straße 346","","80687","DE","München","","info@ni.com"
"Natur Faktor GmbH","Danziger Str. 62","","33605","DE","Bielefeld","","naturfaktorgmbh@example.com"
"Noerpel SE","Wilhelm-Kentner-Straße 1","","89520","DE","Heidenheim an der Brenz","+49 7321 3508 2514","export-hdh@noerpel.de"
"Nordic Logistics GmbH","Rotenhäuser Straße 19","","21109","DE","Hamburg","+49 40 89723860","nils.bastar@nordiclogistics.de"
"North South Logistics","Building 9, Irving street Causeway bay, Suite 2405, Progress commercial","","","HK","Hong Kong Island","","northsouthlogistics@example.com"
"OPERADOR LOGÌSTICO REYCO, S.L.","C/Uruguay, 11-3. A puerta 302","","46007","ES","Valencia","","operadorlogsticoreyc@example.com"
"OQEMA UAB","Veiveri? g. 139-301","","46360","LT","Kaunas","","oqemauab@example.com"
"OTS-Oberlausitzer Transportservice UG","Berlinerstr. 111","","2943","DE","Weißwasser","","otsoberlausitzertran@example.com"
"Oertli Ophthalmedic Deutschland GmbH","Otto-Wagner-Straße 1","","82110","DE","Germering","+41 71747 42 00","info@oertli-instruments.com"
"Olympiapark München GmbH","Spiridon-Louis-Ring 21","","80809","DE","München","","olympiaparkmnchengmb@example.com"
"Orango Creative","Am Steintor 52","","48167","DE","Münster","","orangocreative@example.com"
"Organifarms GmbH","Bücklestraße 3","","78467","DE","Konstanz","","organifarmsgmbh@example.com"
"Original BTC","Gärtnerplatz 1","","80469","DE","Munich","","originalbtc@example.com"
"Orion Express Sp. z o.o.","Jana Henryka Dabrowskiego 77A","","60-529","PL","Poznan","","h.judkowiak@orionexpress.eu"
"Oskar Frech GmbH + Co. KG","Schorndorfer Straße 32","","73614","DE","Schorndorf","","oskarfrechgmbhcokg@example.com"
"OuTao GmbH","Egglkofenstr. 8","","84453","DE","Mühldorf a. Inn","","outaogmbh@example.com"
"P.E.T. LOGISTICS GmbH","Dessauerstr. 60","","45472","DE","Mülheim an der Ruhr","","petlogisticsgmbh@example.com"
"PAAG TRANSPORT & LOGISTIC Spolka z o.o.,Sp.K.","ul. Czestochowska 2","","62-800","PL","Kalisz","","paagtransportlogisti@example.com"
"PENTA GmbH","Hans-Fischer-Str. 10-12","","80339","DE","München","","pentagmbh@example.com"
"PIA Pontis Institutional Advisors GmbH","Erika-Mann-Straße 7","","80636","DE","München","","piapontisinstitution@example.com"
"PREMIER FOODS GROUP LTD","PREMIER HOUSE, CENTRIUM BUSINESS  PARK","","AL1 2RE","UK","ST ALBANS, HERTFORDSHIRE","","premierfoodsgroupltd@example.com"
"PRP Profile GmbH","Rahlstedter Str. 128","","22143","DE","Hamburg","","prpprofilegmbh@example.com"
"PUTZMEISTER Concrete Pumps GmbH","Max-Eyth-Str. 10","","72631","DE","Aichtal","","putzmeisterconcretep@example.com"
"Parkstrom GmbH","Karl-Marx-Allee 71","","10243","DE","Berlin","","parkstromgmbh@example.com"
"Patir Design GmbH","Dieselstrasse 18","","85386","DE","Eching b. München","","patirdesigngmbh@example.com"
"Permanent Entertainment GmbH","Reichenbachstraße 33","","80469","DE","München","","permanententertainme@example.com"
"Perzl-Systems","Alpenstr. 9","","81541","DE","München","","perzlsystems@example.com"
"Pfaff International GmbH","Schussentalstraße 15","","88255","DE","Baienfurt","","pfaffinternationalgm@example.com"
"Pflanzenhandel Lappen","Herrenpfad 14","","41334","DE","Nettetal","","pflanzenhandellappen@example.com"
"Pflegeheim Dresden Am Elbufer GmbH","Käthe-Kollwitz-Ufer 4","","01307","DE","Dresden","+49 (0)351/652 86 81-22","pflegeheimdresdename@example.com"
"Pflegeheim Pulsnitz GmbH","Bahnhofstraße 5","","01896","DE","Pulsnitz","","pflegeheimpulsnitzgm@example.com"
"Pharmact GmbH","Theodor-Kutzer-Ufer 1-3","","68167","DE","Mannheim","","pharmactgmbh@example.com"
"Planttech Engineering GmbH","Louis-Berger-Weg 7","","59379","DE","Selm","+49 (0) 25 92 / 91 505-0","Rechnungen@planttech.de"
"Plus Construction GmbH","Schmielenfeldstr. 46","","45772","DE","Marl","","plusconstructiongmbh@example.com"
"Pnt Expo GmbH","Promenadenweg 5","","47809","DE","Krefeld","","pntexpogmbh@example.com"
"Polaris Handelsgesellschaft m.b.H.","Landstraßer Hauptstraße 146-148/16/B2","","1030","AT","Wien","","dhuehne@polarisfamily.com"
"Polwama sp. z o.o.","W?. Andersa 22/202","","75016","PL","Koszalin","","polwamaspzoo@example.com"
"President Dental GmbH","Kesselbodenstraße 5","","85391","DE","Allershausen","","presidentdentalgmbh@example.com"
"PrimoCargo GmbH","Rossweg 20","","20457","DE","Hamburg","","primocargogmbh@example.com"
"Prof. Dr. Gudrun Kadereit","Menzinger Str. 67","","80638","DE","München","","profdrgudrunkadereit@example.com"
"Prof. Michael Bohnet","Leibnizstr. 59","","53177","DE","Bonn","","profmichaelbohnet@example.com"
"Proje Kargo Taşımacılık Ltd. Şti.","Ertuğrul Gazi Sokak","","34758","TR","Ataşehir","","projekargotamaclkltd@example.com"
"Projekt Dagobah","Eichhornstr. 17","","50735","DE","Köln","","projektdagobah@example.com"
"Q&D Services und Handels GmbH","Sankt-Peter-Straße 5","","72760","DE","Reutlingen","","qdservicesundhandels@example.com"
"Q-railing Central Europe GmbH","Marie-Curie-Str. 8-14","","46446","DE","Emmerich am Rhein","","qrailingcentraleurop@example.com"
"QEMETICA S.A.","Wspólna 62","","00-684","PL","Warszawa","+48 22 639 11 00","IOD@qemetica.com"
"QRC Management Consulting GmbH","Brahmsstr. 24a","","81677","DE","München","","qrcmanagementconsult@example.com"
"RENK GmbH","Rodder Damm 170","","48432","DE","Rheine","+49 821 5700-0","info@renk.com"
"ROIMEX","Robert-Koch-Str. 2","","82152","DE","Planegg","","roimex@example.com"
"ROTT Industrie GmbH & Co.KG","Kalkgrub 1-2","","84427","DE","Sankt Wolfgang","+49 (0)8085 - 93 88 - 0","info@rott-group.com"
"RUBBLE MASTER HMH GmbH","Im Südpark 196","","4030","AT","Linz","","rubblemasterhmhgmbh@example.com"
"RUKU Sauna-Manufaktur GmbH & Co. KG","Dietenheimer Str. 39","","89257","DE","Illertissen","","rukusaunamanufakturg@example.com"
"RWE Power AG","Zum Gut Bohlendorf","","50126","DE","Bergheim","","rwepowerag@example.com"
"RWE Power Aktiengesellschaft","RWE-Platz 2","","45141","DE","Essen","","rwepoweraktiengesell@example.com"
"Radsatz089 GmbH","Situlistraße 24","","80939","DE","München","","info-radsatz089@gmx.de"
"Rainer Butzmann","Fuggerstrasse 6","","81373","DE","München","","rainerbutzmann@example.com"
"Ralf Pfeffer","Liebigstraße 255","","50739","DE","Köln","","ralfpfeffer@example.com"
"Rangel Transitarios, S.A.","Rua da Serra, 654 Folgosa (Maia) - Aprtado 1192","","4446-909","PT","Ermesinde","","rangeltransitariossa@example.com"
"Refratechnik Steel GmbH","Am Seestern 5","","40547","DE","Düsseldorf","","refratechniksteelgmb@example.com"
"Regalsystem GmbH","Gyuru str 12/a","","4033","HU","Debrecen","","regalsystemgmbh@example.com"
"Regatta GmbH","Reichenberger Str. 1","","84130","DE","Dingolfing","","regattagmbh@example.com"
"Rhenus Freight East GmbH","Messenhäuser Straße 18","","63128","DE","Dietzenbach","+49 40 280 044 921","rhenusfreighteastgmb@example.com"
"Rhenus Freight Logistics GmbH & Co. KG","Dieselstrasse 28","","85748","DE","Garching bei München","","rhenusfreightlogisti@example.com"
"Richard Wagner GmbH & Co. KG Spedition","Heinrich-Hertz-Str. 8","","92224","DE","Amberg","+49 (0)9621 7720-0","info@wagner-spedition.de"
"Riedel Filtertechnik GmbH","Westring 83","","33818","DE","Leopoldshöhr","","riedelfiltertechnikg@example.com"
"Riedl Aufzugbau GmbH & Co. KG","Sonnenstraße 24","","85622","DE","Feldkirchen","+49 89 90001 0","info@riedl-aufzuege.de"
"Riekewald Niels","Rütersbarg 52","","22529","DE","Hamburg","","edgaras.murnikas@sirum.de"
"RoMiro GmbH","Seumestrasse 8","","22089","DE","Hamburg","","romirogmbh@example.com"
"Robert Krebs GmbH","Buschwerder Hauptdeich 5-9","","21107","DE","Hamburg","","robertkrebsgmbh@example.com"
"Robert Kukla GmbH","Kochelseestraße 8-10","","81371","DE","München","","robertkuklagmbh@example.com"
"Rollo Solar Melichar GmbH","Josef-Janker-Ring 18","","83646","DE","Bad Tölz","+49 8041 792650","info@rollo-solar.de"
"Rondo Food GmbH & Co. KG","Magdeburger Straße 65","","47800","DE","Krefeld","+49 2151 44 12-0","contact@rondo-food.de"
"Rowema AG","Im Schörli 17","","8600","CH","Dübendorf","","rowemaag@example.com"
"Ruoheng Dong","Egglkofenstr.8","","84453","DE","Mühldorf","","ruohengdong@example.com"
"S.C. ROUTIER European Transport S.R.L.","Gil?u 1334","","407310","RO","Gil?u","","scroutiereuropeantra@example.com"
"S2 GmbH","Am Heiligenberg 2b","","69488","DE","Birkenau","","bauen@s2-architektur.com"
"SC PROCONEX SRL","Str. Calea Adevarului  nr. 111A","","","RO","Oradea jud.Bihor","","scproconexsrl@example.com"
"SCHMIDT-HOFMANN GmbH & Co. KG","Industriestraße 5","","","DE","Rugendorf","","schmidthofmanngmbhco@example.com"
"SEATRADER Speditionsgesellschaft mbH","Mittelwendung 27","","28844","DE","Weyhe","+49 (0) 4218 84 96 20","office@seatrader.de"
"SEELING TRANSPORTLOGISTIK","Gothaerstr. 4","","40880","DE","Ratingen","","seelingtransportlogi@example.com"
"SENATOR INTERNATIONAL Spedition GmbH","Obenhauptstraße 13","","22335","DE","Hamburg","","senatorinternational@example.com"
"SENATOR INTERNATIONAL Spedition GmbH","Marienbergstr. 94","","90411","DE","Nürnberg","","senatorinternational@example.com"
"SENSO Süd GmbH","Industriering Ost 72","","47906","DE","Kempen","","sensosdgmbh@example.com"
"SFBAAM, LLC","Adams Ave 2130","","94577-1010","US","San Leandro","","sfbaamllc@example.com"
"SMS Spedition Management Service GmbH","Luftfrachtzentrum 610/2","","70629","DE","Stuttgart","","smsspeditionmanageme@example.com"
"SOKO Tierschutz e.V","Bodenehrstr. 20","","813737","DE","München","","sokotierschutzev@example.com"
"SPEDICAM & LOGISTIK GMBH","Hamburger Str. 70","","90451","DE","Nürnberg","","spedicamlogistikgmbh@example.com"
"SPS Schwimmbad & Pool Service GmbH","Eike-Kerstein-Straße 4","","31789","DE","Hameln","","Marie.Dannat@binder24.com"
"SPSC GmbH","Neumarkter Strasße 34","","81673","DE","München","","spscgmbh@example.com"
"STL Logistik GmbH","Lütticher Straße 12","","53842","DE","Troisdorf","+49 2241 493 00 15","info@stl-logistik.com"
"STRABAG Großprojekte GmbH","Leopoldstr. 250c","","80807","DE","München","","strabaggroprojektegm@example.com"
"STRABAG Großprojekte GmbH","Auftrag: IFORU DE / Rechnungen","","69966","DE","Mannheim","","strabaggroprojektegm@example.com"
"SWM Versorgungs GmbH","Emmy-Noether-Str. 2","","80992","DE","München","","swmversorgungsgmbh@example.com"
"Sabbagh & Hejjazi Gbr","Im Neubruch 13","","82211","DE","Herrsching am Ammersee","","sabbaghhejjazigbr@example.com"
"Sachsenland Transport & Logistik GmbH Dresden","Mülheimer Strasse 58","","47057","DE","Duisburg","","sachsenlandtransport@example.com"
"Sadarak","Qaradaq dstr, Lokbatan STV, Bilal Niftaliyev str. 45/60","","1063","AZ","Baku","","sadarak@example.com"
"Sandra Feldmann Ltd.","Flat #3 Gloria Place, Konstantinou Kalogera 137","","6021","CZ","Skala Larnaca","","sandrafeldmannltd@example.com"
"Sankurt Bau-und Tragwerksplanung GmbH","Hagener Str. 339","","44229","DE","Dortmund","","sankurtbauundtragwer@example.com"
"SanumTec GmbH","Georg-Knorr-Str. 1","","85662","DE","Hohenbrunn","+49 (0) 4251 9352-0","info@sanum.com"
"Sanyborn Hygiene Produkte","Brudermühlstr 46b","","81371","DE","München","","sanybornhygieneprodu@example.com"
"Sauna One GmbH","Große Schneede 8b","","29664","DE","Walsrode","05161784340","megasauna@sauna-one.de"
"Sawade GmbH","Wittestr. 26e","","13509","DE","Berlin","","sawadegmbh@example.com"
"Scantrans ApS","Håndværkervej 6","","6710","DK","Esbjerg","","scantransaps@example.com"
"Schach zu Dritt | Gesellschaft für Kommunikation mbH","Schinkestraße 9","","12047","DE","Berlin","","schachzudrittgesells@example.com"
"Schrauben-Bauer GmbH","Mittlerer Weg 3","","74080","DE","Heilbronn","","schraubenbauergmbh@example.com"
"Schreinerei Sigrüner","Am Gries 3","","84543","DE","Winhöring","+49 176 28768842","Michlbauer.sara@sigruener.de"
"Schub Global Logistik GmbH","Am Pestalozziring 14","","91058","DE","Erlangen","","schubgloballogistikg@example.com"
"SeaCurity GmbH","Walhallastraße 38","","80639","DE","München","+49 89 12711526","info@seacurity.de"
"Senic GmbH","Pfuelstraße 5","","10997","DE","Berlin","","senicgmbh@example.com"
"Seniorenresidenz Fortweg GmbH","Fortweg 3","","35415","DE","Pohlheim","+49 (0) 6403/9797-510","seniorenresidenzfort@example.com"
"Seniorenresidenz zur Weißen Dame GmbH","An der Weißen Dame 5","","48599","DE","Gronau","","seniorenresidenzzurw@example.com"
"Seniorenzentrum Brakel GmbH","Lütkerlinde 21","","33034","DE","Brakel","+49 (0) 2924/802-445","seniorenzentrumbrake@example.com"
"Seniorenzentrum Cäcilienhof Garbsen GmbH","Bruno-Rappel-Weg 1","","30827","DE","Garbsen","","seniorenzentrumccili@example.com"
"Seniorenzentrum Haus Kettwig GmbH","Akademiestr. 2","","45219","DE","Essen","02054-9320","info@haus-kettwig.de"
"Seniorenzentrum Nidda GmbH","Kurstraße 28","","63667","DE","Nidda - Bad Salzhausen","","seniorenzentrumnidda@example.com"
"Seniorenzentrum Sophienhof GmbH","Hauptstraße 61","","32457","DE","Porta Westfalica","","seniorenzentrumsophi@example.com"
"Seven.One AdFactory GmbH","Medienallee 4","","85774","DE","Unterföhring","","sevenoneadfactorygmb@example.com"
"Shoepassion GmbH","Wolfener Str. 32/34","","12681","DE","Berlin","","shoepassiongmbh@example.com"
"ShopLine Ladenbau GmbH","Im Taubental 9-11","","41468","DE","Neuss","","shoplineladenbaugmbh@example.com"
"Simon Hegele Gesellschaft für Logistik & Service mbH","Standort Raunheim","","76095","DE","Karlsruhe","","simonhegelegesellsch@example.com"
"SkyTechSport Club Foundation","Riesenfeldstrasse 18","","80809","DE","München","","skytechsportclubfoun@example.com"
"Smilike GmbH","Dr.-Ulrich-Weg 1","","85435","DE","Erding","","smilikegmbh@example.com"
"Social Ninja GmbH","Weidenweg 52","","10247","DE","Berlin","","socialninjagmbh@example.com"
"Solida Holz GmbH","Teichweg 5","","35396","DE","Gießen","+49 (0) 641 984437","solidaholzgmbh@example.com"
"Sommer International Retailservice GmbH","Wierlings Esch 35","","48249","DE","Dülmen","","sommerinternationalr@example.com"
"Sonderbetriebsvermögen Jürgen Schmid","Birkenleiten 41","","81543","DE","München","","sonderbetriebsvermge@example.com"
"Sondermann Profile GmbH","Bergstraße 2","","57489","DE","Drolshagen","+49 2761 / 83 93 - 771","export@sondro.de"
"Sono Motors GmbH","Waldmeisterstraße 76","","80935","DE","München","","sonomotorsgmbh@example.com"
"Soraya Rahmati","Johannes-Timm-Str. 11","","81373","DE","München","","sorayarahmati@example.com"
"Space-Eye e. V.","Wiener Str. 14","","93055","DE","Regensburg","","kontakt@space-eye.org"
"Spectra GmbH","Lorenzstraße 11","","76297","DE","Stutensee","Tel: +49 (0) 7244 20 50 30 0","spectragmbh@example.com"
"Spedition Bohnet GmbH","Erolzheimer Straße 1","","88457","DE","Kirchdorf an der Iller","","speditionbohnetgmbh@example.com"
"Spezialitäten Restaurant Makassar GmbH","Geyerstrasse 52","","80469","DE","München","","spezialittenrestaura@example.com"
"Spinner Werkzeugmaschinenfabrik GmbH","Rudolf-Diesel-Ring 24","","82054","DE","Sauerlach","","spinnerwerkzeugmasch@example.com"
"Spokebase GmbH","Rosenthalerstr. 13","","10119","DE","Berlin","","spokebasegmbh@example.com"
"Sport Hauser Kaibling - Frühwirth Outlet GmbH","Innstraße 3","","6063","AT","Rum","+43 368620044","office@sport-hauser-kaibling.com"
"Stappenbacher Putz- und Maler GmbH","Conrad-Vetter-Straße 52, Trossenfurt","","97514","DE","Oberaurach","","stappenbacherputzund@example.com"
"Stefan Altmeier","Waldshuterstr. 21","","79805","DE","Eggingen","","stefanaltmeier@example.com"
"Stiftung Insel Hombroich","Raketenstation Hombroich 4","","41472","DE","Neuss","+49 2182 887-4003","klinkhamer@inselhombroich.de"
"Streifeneder Ortho. Production GmbH","Moosfeldstr. 10","","82275","DE","Emmering","","empfang@streifeneder.de"
"Studio Westend","Gollierstraße 78","","80339","DE","München","","info@studio-westend.com"
"Städtische Galerie im Lenbachhaus und Kunstbau München","Luisenstraße 33","","80333","DE","München","","stdtischegalerieimle@example.com"
"Städtische Rainer-Werner-Fassbinder-Fachoberschule für Sozialwesen","Schlierseestraße 47","","81539","DE","Munich","","stdtischerainerwerne@example.com"
"Suso Transporte y Logistica Internacional, S.L.","C/ Landatxu, 2 - Parcela C-2","","48160","ES","Derio ( Bizkaia )","","susotransporteylogis@example.com"
"TECNICAS REUNIDAS S.A.","Arapiles 13, 11th floor","","28015","ES","Madrid","","tecnicasreunidassa@example.com"
"TGP Azerbaijan MMC","VOEN: 1406601881   Marine Plaza Premium Offices","Uzeyir Hajibeyli Str. 62","AZ1010","AZ","Baku","","tgpazerbaijanmmc@example.com"
"TOOL-TEMP AG","Industriestrasse 30","","8583","CH","Sulgen","","tooltempag@example.com"
"TOP SWEETS GMBH","Aspastraße 24","","59394","DE","Nordkirchen","","topsweetsgmbh@example.com"
"TPS Rental Systems GmbH & Co.KG","Hollefeldstraße 24 - 24A","","48282","DE","Emsdetten","","rh@tpsrentalsystems.de"
"TRW Thüringer Reinigungs- und Waschmittelprodukte GmbH","Markt 33","","4600","DE","Altenburg","","trwthringerreinigung@example.com"
"TRiooo Building Systems GmbH","Ziegelbreite 8","","84166","DE","Adlkofen","","triooobuildingsystem@example.com"
"Tec-quipment GmbH","Kronacher Str. 1 B","","96364","DE","Marktrodach","","tecquipmentgmbh@example.com"
"Technische Universität München","Arcisstraße 21","","80333","DE","München","","technischeuniversitt@example.com"
"Teppich Comfort GmbH","Kleine Stuebenstr. 11","","45139","DE","Essen","","teppichcomfortgmbh@example.com"
"Terrawerk","Jennerstr. 3a","","80999","DE","München","","terrawerk@example.com"
"Textilmacher GmbH","Lindberghstrasse 7","","80939","DE","München","","textilmachergmbh@example.com"
"Theurl Leimholzbau GmbH","Thal-Wilfern 35","","9911","AT","Assling","","theurlleimholzbaugmb@example.com"
"Timm & Wilken OHG","Hauptstraße 11","","22869","DE","Schenefeld","","timmwilkenohg@example.com"
"Trane Klima- und Kältetechnisches Büro GmbH","Pionierstrasse 3","","82152","DE","Krailling","","traneklimaundkltetec@example.com"
"Trans Global Projects GmbH","Diepenau 2","","28195","DE","Bremen","","transglobalprojectsg@example.com"
"Trans Global Projects LLC","U. Hajibeyli str. 62","","AZ-1010","AZ","Baku","","transglobalprojectsl@example.com"
"Trans Global Projects Ltd","1-7 Commercial Road, Paddock Wood","","TN12 6EN","UK","Kent","+44 1732 744 400","cwardale@tglobal.com"
"Trans Global Projects Ltd 10166","Willow House, Newhouse Business Park, Newhouse Road,","","FK3 8LL","UK","Grangemouth","","cwardale@tglobal.com"
"Transport-Service / Stroh-und Heuspedition","Berlinerstraße 111","","2943","DE","Weißwasser","","transportservicestro@example.com"
"Trinkwassersysteme Bauer","Unterfeldring 4","","85256","DE","Vierkirchen","08139/802101","info@trinkwassersysteme-bauer.de"
"Tunguska Transport- und Logistik GmbH","An den Gärten 7","","51491","DE","Overath","","tunguskatransportund@example.com"
"Tur Transit GmbH","Bischofstraße 94","","47809","DE","Krefeld","","turtransitgmbh@example.com"
"Turk Transport Worldwide Freight Services","Unit A11, Bell Lane Office Village, Bell Lane, Little Chalfont, Amersham","","HP6 6FA","UK","Buckinghamshire","","turktransportworldwi@example.com"
"TÜV SÜD Industrie Service GmbH","Westendstraße 199","","80686","DE","München","","tvsdindustrieservice@example.com"
"Türkisch-Islamische Gemeinde e.V","Manisastraße 1","Ditib-Moschee-Ingolstadt","85057","DE","Ingolstadt","","guerkanbahce@gmail.com"
"UAB Jumbo Transport","Graiciuno 38","","2241","LT","Vilnius","","uabjumbotransport@example.com"
"USC Mainz","Dalheimer Weg 2","","55128","DE","Mainz","","uscmainz@example.com"
"UTE TR FADHILI PROJECT","C/Maria de Portugal 9-11","","28050","ES","Madrid","","utetrfadhiliproject@example.com"
"VGG Handels AG","August-Thyssen-Str. 8","","41564","DE","Kaarst","","vgghandelsag@example.com"
"VGL SP. Z O.O.","ul. Spokojna 22","","81-549","PL","Gdynia","","vglspzoo@example.com"
"Vanclaes BV","Gnephoek 18","","2401LP","NL","Alphen aan den Rijn","","vanclaesbv@example.com"
"Verein Kollekitivs E.V. München","Rupprechtstrasse 29","","80636","DE","München","","vereinkollekitivsevm@example.com"
"Vestner Aufzüge GmbH","Humboldtstr. 10","","85609","DE","Dornach","+49 3 20 88-0","info@vestner.de"
"Viki-Gabi EOOD","zh.k. Druzhba, bl. 134 et. 1, ap. 2","","5800","BG","Pleven","","vikigabieood@example.com"
"Voipango EOD European Online Distribution GmbH","Bötzinger Strasse 31","","79111","DE","Freiburg","","voipangoeodeuropeano@example.com"
"WAGU Gummitechnik GmbH","Friedrich-Harkort-Str. 17","","59581","DE","Warstein","+ 49 2902-9739-0","info@wagu-rubber.com"
"WAREMA Renkhoff SE","Hymerring 6","","97877","DE","Wertheim","","waremarenkhoffse@example.com"
"WISAG Gebäudetechnik Bayern GmbH & Co. KG","Inselkammerstraße 4","","82008","DE","Unterhaching","","wisaggebudetechnikba@example.com"
"Wahl GmbH & Co. KG Spedition und Logistik","Gildemeisterstraße 150","","33689","DE","Bielefeld","","wahlgmbhcokgspeditio@example.com"
"Waräger GmbH","Kaiserstraße 137","","72764","DE","Reutlingen","","wargergmbh@example.com"
"WaterBeck GmbH","Reichardstraße 18","","31789","DE","Hameln","+49 (0) 800 000 8403","info@waterbeck-gmbh.de"
"Weldex Euro GmbH","Gewerbering 3A","","82140","DE","Olching","","weldexeurogmbh@example.com"
"Welmaet Handels GmbH","Ramsauerstrasse 11","","81379","DE","München","","welmaethandelsgmbh@example.com"
"Wenzel Marine GmbH & Co. KG","Rodendamm 25","","28816","DE","Stuhr","+49  421 959250","mail@wenzelmarine.com"
"Wermil Handels GmbH","Schäftlarnstr. 10","","81371","DE","München","","wermilhandelsgmbh@example.com"
"Werner Graf Holding GmbH","Gymnasiumstraße 67","","1190","AT","Vienna","","wernergrafholdinggmb@example.com"
"Weserra GmbH","Hermann-Oberth-Straße 9","","85640","DE","Putzbrunn","","benau1@web.de"
"Westfälische Handels GmbH","Niedersachsenweg 6","","44143","DE","Dortmund","","isa.ozlemis@gmail.com"
"Wever & Ducre GmbH","Riederstraße 1","","85229","DE","Markt Indersdorf","","weverducregmbh@example.com"
"Wever & Ducré BV","Spinnerijstraat 99/21","","8500","BE","Kortrijk","","invoices@weverducre.com"
"Wild Brain CPLG","Thalkirchner Straße 2","","80337","DE","Munich","49 89 541999208","wildbraincplg@example.com"
"Wild-Berghof Buchet - Thomas Gstettenbauer","Buchet 2","","94505","DE","Bernried-Buchet","09905 - 248","info@wildberghof-buchet.de"
"Wilhelm Kentner Kraftwagen-Spedition GmbH & Co. KG","Wilhelm-Kentner-Str. 1","","89520","DE","Heidenheim","","wilhelmkentnerkraftw@example.com"
"Wissenschaftliche Elektronik GmbH","Am Eichberg 5","","66440","DE","Blieskastel","","info@wissel.eu"
"Wittmann Battenfeld Deutschland GmbH","Werner-Battenfeld-Str. 1","","58540","DE","Meinerzhagen","","wittmannbattenfeldde@example.com"
"Wohnmoderne OHG","Klenzestraße 59","","80469","DE","München","","wohnmoderneohg@example.com"
"Wohnungs- und Siedlungsbau Bayern GmbH & Co. oHG","Hansastrasse 27f","","81373","DE","München","","wohnungsundsiedlungs@example.com"
"World of Less - Logistic Trading GmbH","Am Lenghardt 11","","84174","DE","Eching","08709 / 943 298-0","anfrage@world-of-less.de"
"Worldplast Sp. z o.o.","Irysowa 9","","55-040","PL","Bielany Wroc?awskie","","worldplastspzoo@example.com"
"Worldplast Sp. z o.o. 10457","Irysowa 9","","55-040","PL","Bielany Wroc?awskie","","worldplastspzoo10457@example.com"
"XAL GmbH","Riederstraße 1","","85229","DE","Markt Indersdorf","+49 89 32373830","LV.DE@xal.com"
"YCCP GmbH","Römerstraße 14","","80801","DE","München","","yccpgmbh@example.com"
"Z GLOBAL LOGISTICS S.R.L.","Sat Bascov, Comuna Bascov , Strada Pinilor nr 12, Camera C4","","","RO","Judet Arge?","","zgloballogisticssrl@example.com"
"ZEISST GmbH","Hofbrunnstrasse 45c","","81479","DE","München","","zeisstgmbh@example.com"
"Zambelli Dach + Fassadentechnik GmbH","Hans-Sachs-Straße 3+5","","94569","DE","Stephansposching","","zambellidachfassaden@example.com"
"Zambelli RIB-ROOF GmbH & Co. KG","Hans-Sachs-Straße 3+5","","94569","DE","Stephansposching","","Juergen.Renner@zambelli.com"
"Zeman & Co GmbH","Clemens-Holzmeister-Straße 6","","1100","AT","Wien","","zemancogmbh@example.com"
"acargo GmbH","Ellerholzdamm 9","","20457","DE","Hamburg","","acargogmbh@example.com"
"adamicus GmbH","Blumenstrasse 28","","80331","DE","München","","adamicusgmbh@example.com"
"albertZWEI media GmbH","Oettingenstraße 25","","80538","DE","München","","albertzweimediagmbh@example.com"
"aqua-vogt.de Gmbh","Fichtenweg 10","","75449","DE","Wurmberg","07044-909786","info@aqua-vogt.de"
"bernhard rüsing gmbh + co. kg","Mittelstrasse 5","","41469","DE","Neuss","","bernhardrsinggmbhcok@example.com"
"bikmed -Bildungsinstitut für Kompetenz in der Medizin GmbH","Wilhelm-Hale-Straße 46 B","","80639","DE","München","","bikmedbildungsinstit@example.com"
"boschen & oetting Automatisierungs-Bau GmbH","Wohlrabedamm 11","","13629","DE","Berlin","","boschenoettingautoma@example.com"
"e+p films GmbH","Heßstr. 48b","","80798","DE","München","","epfilmsgmbh@example.com"
"eVehicle for you GmbH","Maria-Theresia-Straße 1a","","81675","DE","München","","evehicleforyougmbh@example.com"
"german paper solutions GmbH & Co. KG","Wupperstr. 38","L. Nr. 8609","58332","DE","Schwelm","","info@erfurtspezialpapiere.com"
"gül koc GmbH interior design + construction services","Reichenbachstraße 35","","80469","DE","München","","glkocgmbhinteriordes@example.com"
"i-log logistics solutions GmbH","Industriezeile 1, Objekt 5","","8401","AT","Kalsdorf","","iloglogisticssolutio@example.com"
"innovIT AG","Schloss Heiligenberg","","64342","DE","Seeheim-Jugenheim","","innovitag@example.com"
"inside","Wienerbergstrasse 11","","1100","AT","Wien","","inside@example.com"
"kg-pharma AB","Björnholmsvägen 4","","184 92","SE","Åkersberga/Stockholm län","","kgpharmaab@example.com"
"kg-pharma GmbH & Co. KG","Pestalozzistr. 25","","22305","DE","Hamburg","","kgpharmagmbhcokg@example.com"
"klarx GmbH","Koppstraße 16","","81379","DE","München","","info@klarx.com"
"koziol »ideas for friends GmbH","Werner-von-Siemens-Straße 90","","64711","DE","Erbach / Odenwald","+49 6062 6040","info@koziol.de"
"matten-zuschnitt.de","Gottlieb-Daimler-Str. 14","","68165","DE","Mannheim","","mattenzuschnittde@example.com"
"mefro Metallwarenfabrik Fischbacher GmbH","Ludwig-Thoma-Straße 29","","83101","DE","Rohrdorf","","mefrometallwarenfabr@example.com"
"mundotec GmbH","Hannöversche Straße 20A","","44143","DE","Dortmund","","umran.coskun@mundotec.de"
"qqq team","Fraunhoferstraße 5","","80469","DE","Munich","","team@yarres-logistics.com"
"re-fer GmbH","Neuenburger Straße 37","","79379","DE","Müllheim","","refergmbh@example.com"
"roko project & consulting GmbH","Sudetenstraße 2","","92259","DE","Neukirchen bei Sulzbach-Rosenberg","","rokoprojectconsultin@example.com"
"steintex GmbH","Industriestr. 12-16","","42929","DE","Wermelskirchen","","hetze@steintex.de"
"stela Laxhuber GmbH","Laxhuberplatz 1","","84323","DE","Massing","","stelalaxhubergmbh@example.com"
"transmaritim international GmbH","Willy-Brandt-Straße 23-25","","20457","DE","Hamburg","","transmaritiminternat@example.com"
"wisefood GmbH","Dieselstr. 28","","85748","DE","Garching bei München","","wisefoodgmbh@example.com"
"Ötztal Tourismus Congress GmbH","Gurglerstrasse 118","","6456","AT","Obergurgl","","tztaltourismuscongre@example.com"